"species","pathways","genes","enzymes","metabolites","conversions","interactions","publications"
"cellular organisms","1310","648","730","1666","3150","6795","848"
"Arabidopsis thaliana","511","1649","2157","1805","7998","23932","3094"
"Glycine max","114","503","785","578","1615","5541","971"
"Zea mays","96","708","914","619","1659","6055","1064"
"Oryza sativa","69","410","509","468","1045","3619","663"
"Pisum sativum","68","429","610","465","1283","4578","676"
"Chlamydomonas reinhardtii","59","240","360","323","874","2448","511"
"Solanum tuberosum","54","336","506","425","1009","3707","639"
"Nicotiana tabacum","52","330","428","323","685","2618","558"
"Populus trichocarpa","52","388","505","306","713","2771","572"
"Homo sapiens","45","92","121","187","570","1317","292"
"Solanum lycopersicum","42","279","356","337","737","2378","466"
"Saccharomyces cerevisiae","36","123","151","195","432","1090","316"
"Escherichia coli","34","121","175","202","496","1380","277"
"Triticum aestivum","34","195","293","256","564","2041","337"
"Spinacia oleracea","30","175","338","240","537","2226","341"
"Hordeum vulgare","30","158","230","246","375","1457","275"
"Vitis vinifera","30","194","244","184","360","1222","337"
"Catharanthus roseus","28","230","295","262","592","2104","302"
"Petunia x hybrida","27","220","265","182","428","1450","295"
"Ricinus communis","22","135","218","178","456","1881","212"
"Cicer arietinum","21","69","157","153","430","1172","128"
"Cucumis sativus","19","142","219","169","255","1012","217"
"Lupinus luteus","18","42","67","114","266","914","94"
"Vigna radiata","17","197","289","201","435","1912","213"
"Phaseolus vulgaris","16","87","141","139","246","725","101"
"Camellia sinensis","15","31","51","107","203","664","96"
"Brassica napus","15","136","210","170","436","1675","204"
"Medicago sativa","15","180","247","175","442","1450","197"
"Lotus japonicus","14","62","103","145","305","760","107"
"Abies grandis","13","56","58","69","261","866","80"
"Perilla frutescens","12","72","79","87","182","740","110"
"Picea abies","12","81","87","70","260","921","93"
"Pinus taeda","12","55","56","67","251","766","67"
"Bacillus subtilis","12","40","53","83","123","346","89"
"Papaver somniferum","11","48","68","167","299","818","112"
"Glycyrrhiza glabra","11","53","88","98","270","684","95"
"Secale cereale","11","70","130","139","195","860","135"
"Allium cepa","11","95","115","107","171","557","80"
"Dianthus caryophyllus","10","24","29","59","76","209","64"
"Rosa hybrid cultivar","10","94","102","75","88","464","76"
"Manihot esculenta","10","76","95","80","134","477","105"
"Capsicum annuum","10","90","97","85","137","504","139"
"Solanum habrochaites","10","52","57","86","155","469","79"
"Pueraria montana","9","179","236","170","366","1212","196"
"Petroselinum crispum","9","52","73","81","130","418","116"
"Malus domestica","9","61","92","80","87","350","104"
"Daucus carota","9","39","60","81","96","293","67"
"Brassica oleracea","8","54","74","106","145","388","121"
"Clarkia breweri","8","43","62","76","93","355","77"
"Avena strigosa","8","38","38","25","65","310","48"
"Sorghum bicolor","8","40","55","70","106","294","89"
"Ocimum basilicum","8","50","60","57","87","284","69"
"Trifolium pratense","7","51","81","91","175","542","90"
"Pinus sylvestris","7","64","81","72","79","325","80"
"Lactuca sativa romaine","7","51","51","48","91","339","87"
"Linum usitatissimum","7","12","22","50","105","266","44"
"Physcomitrium patens","7","19","19","64","101","237","50"
"Artemisia annua","7","67","73","49","82","368","80"
"Avena sativa","7","29","97","73","81","315","77"
"Limnanthes douglasii","6","47","70","54","137","483","44"
"Carthamus tinctorius","6","50","58","44","58","202","50"
"Cucumis melo","6","42","59","59","49","254","75"
"Nicotiana attenuata","6","35","44","88","131","321","88"
"Hevea brasiliensis","6","46","98","94","106","607","93"
"Ipomoea nil","6","64","73","82","107","440","78"
"Oryza","6","41","40","29","26","149","48"
"Citrus x paradisi","6","97","105","39","50","515","66"
"Coptis japonica","6","29","34","62","81","316","61"
"Solanum pennellii","6","20","20","39","87","269","40"
"Lithospermum erythrorhizon","6","24","33","74","111","420","54"
"Humulus lupulus","5","21","26","43","108","267","32"
"Delphinium grandiflorum","5","6","8","35","52","128","14"
"Rattus norvegicus","5","10","15","59","52","118","73"
"Fagopyrum esculentum","5","9","16","35","34","93","31"
"Mus musculus","5","13","17","57","54","123","72"
"Lupinus albus","5","15","27","64","93","212","43"
"Salmonella enterica","5","5","9","23","41","96","32"
"Helianthus tuberosus","5","36","53","57","62","218","59"
"Coffea arabica","5","46","56","50","68","254","55"
"Portulaca grandiflora","5","26","34","86","138","379","72"
"Atropa belladonna","5","17","21","60","120","302","40"
"Vicia faba","5","28","43","56","60","281","54"
"Botryococcus braunii","5","42","52","55","68","219","59"
"Lupinus angustifolius","5","3","11","26","48","110","21"
"Datura stramonium","5","25","28","70","114","291","40"
"Panax ginseng","5","41","44","43","81","248","61"
"Cichorium intybus","5","53","62","41","76","308","31"
"Pinus contorta","5","78","84","35","79","438","73"
"Brassica juncea","5","23","26","51","57","143","61"
"Mycobacterium tuberculosis","5","14","19","36","58","137","27"
"Mentha x piperita","5","32","37","36","58","238","34"
"Hypericum androsaemum","5","5","15","37","69","166","38"
"Chrysosplenium americanum","5","115","140","110","282","1033","86"
"Dahlia variabilis","4","17","24","58","69","264","37"
"Matthiola incana","4","21","27","58","68","277","55"
"Ipomoea batatas","4","66","75","53","52","234","73"
"Rhus typhina","4","1","15","36","65","144","20"
"Pseudomonas aeruginosa","4","20","25","27","34","114","42"
"Glycyrrhiza echinata","4","16","28","41","55","142","41"
"Raphanus sativus","4","21","32","55","49","152","45"
"Hyoscyamus niger","4","17","21","53","97","265","32"
"Musa acuminata","4","54","99","89","111","629","90"
"Salvia splendens","4","21","25","47","71","347","27"
"Agapanthus africanus","4","6","8","32","45","111","14"
"Citrus maxima","4","3","14","29","42","88","46"
"Glandularia x hybrida","4","21","25","47","73","351","25"
"Ipomoea purpurea","4","24","31","57","78","305","42"
"Klebsiella pneumoniae","4","9","13","42","50","139","29"
"Allioideae","4","7","10","43","97","180","21"
"Allium sativum","4","31","35","65","80","220","45"
"Synechocystis sp. PCC 6803","4","12","15","34","44","98","38"
"Nicotiana sylvestris","4","21","27","32","49","173","47"
"Quercus robur","4","9","25","59","74","191","51"
"Klebsiella oxytoca","4","9","13","42","50","139","29"
"Lotus corniculatus","4","17","20","52","53","147","25"
"Cucurbita maxima","4","39","40","30","69","265","45"
"Cannabis sativa","4","21","24","36","61","152","30"
"Eschscholzia californica","4","29","41","77","102","345","68"
"Vigna angularis","3","26","30","33","20","128","32"
"Crocus sativus","3","7","7","39","52","96","20"
"Coleus scutellarioides","3","19","25","47","76","309","44"
"Curcuma longa","3","25","26","33","39","118","37"
"Taxus cuspidata","3","4","7","37","65","116","16"
"Lycopersicon hirsutum","3","8","14","29","37","81","17"
"Gentiana triflora","3","11","14","28","46","128","27"
"Astragalus bisulcatus","3","10","13","47","73","153","45"
"Galium mollugo","3","23","28","35","69","200","30"
"Camellia ptilophylla","3","7","9","18","26","58","11"
"Eustoma grandiflorum","3","114","133","88","162","656","98"
"Silene dioica","3","15","18","47","55","221","19"
"Celosia cristata","3","7","10","51","92","192","29"
"Limnanthes alba","3","12","12","30","68","146","31"
"Brassica rapa","3","46","95","83","95","466","76"
"Clitoria ternatea","3","8","11","24","34","89","17"
"Salvia officinalis","3","9","12","21","22","59","26"
"Podophyllum peltatum","3","3","10","36","47","102","36"
"Pinus strobus","3","29","41","30","29","125","38"
"Thermotoga maritima","3","3","9","35","31","78","34"
"Gossypium arboreum","3","20","28","53","59","161","22"
"Limonium latifolium","3","2","3","20","27","49","17"
"Citrus sinensis","3","39","45","46","52","172","51"
"Haloferax volcanii","3","7","10","21","18","57","23"
"Hyoscyamus albus","3","17","20","51","85","241","32"
"Juglans regia","3","5","6","30","29","63","19"
"Hypericum perforatum","3","4","6","35","44","88","26"
"Populus","3","43","44","31","31","141","49"
"Mentha spicata","3","25","26","25","52","205","24"
"Pogostemon cablin","3","16","18","23","43","107","16"
"Scutellaria baicalensis","3","4","7","19","24","54","23"
"Berberis Wilsoniae","3","13","16","32","32","161","19"
"Lavandula angustifolia","3","22","26","15","12","108","24"
"Aloe arborescens","3","1","2","20","28","42","26"
"Populus deltoides","3","33","40","30","34","155","19"
"Rhodobacter capsulatus","3","17","19","38","48","109","33"
"Fragaria x ananassa","3","37","40","25","24","110","22"
"Linum nodiflorum","3","1","6","33","29","75","32"
"Linum flavum","3","1","6","33","29","75","32"
"Sinopodophyllum hexandrum","3","8","8","18","29","65","9"
"Coix lacryma-jobi","3","12","13","28","61","145","22"
"Triglochin maritima","3","3","5","20","25","53","27"
"Phaseolus lunatus","3","62","63","28","30","219","29"
"Arabidopsis lyrata","3","26","38","92","99","272","57"
"Adonis aestivalis","3","7","7","21","60","157","35"
"Anchusa officinalis","3","19","25","47","68","294","45"
"Zingiber officinale","3","22","21","15","19","74","26"
"Gossypium hirsutum","3","19","25","45","50","131","49"
"Rubia tinctorum","3","8","12","21","32","88","11"
"Foeniculum vulgare","3","3","8","22","24","51","11"
"Enterococcus faecalis","2","16","22","30","36","93","26"
"Bixa orellana","2","8","8","31","34","74","15"
"Calendula officinalis","2","2","3","23","24","46","8"
"Taxus brevifolia","2","31","37","58","80","212","42"
"Solanum aculeatissimum","2","14","15","47","67","158","47"
"Robinia pseudoacacia","2","5","14","20","21","60","29"
"Actinidia chinensis","2","7","11","37","31","72","21"
"Mesembryanthemum crystallinum","2","18","20","37","40","161","31"
"Melilotus albus","2","25","30","22","15","86","16"
"Sesamum indicum","2","7","8","27","30","76","18"
"Equisetum arvense","2","33","40","34","46","175","75"
"Oxybasis rubra","2","7","10","51","74","148","29"
"Sesamum radiatum","2","7","8","27","30","76","18"
"Populus alba","2","13","16","30","46","113","35"
"Anthriscus sylvestris","2","4","5","14","18","36","18"
"Simmondsia chinensis","2","6","6","14","10","30","17"
"Antirrhinum majus","2","4","6","31","30","75","14"
"Apium graveolens","2","5","10","21","16","56","6"
"Brassica nigra","2","37","76","65","86","528","59"
"Bos taurus","2","22","26","32","40","123","35"
"Solanum melongena","2","14","15","47","67","158","47"
"Coreopsis grandiflora","2","2","5","28","32","93","9"
"Ruta graveolens","2","24","25","27","21","84","34"
"Cucurbita pepo","2","27","38","53","45","177","30"
"Camellia irrawadiensis","2","7","9","18","20","50","11"
"Mycoplasmoides pneumoniae","2","2","3","18","9","28","22"
"Stevia rebaudiana","2","5","5","17","39","76","27"
"Canavalia lineata","2","0","3","23","17","33","6"
"Amorpha fruticosa","2","0","1","21","25","42","9"
"Canavalia ensiformis","2","0","3","23","17","33","6"
"Capsicum chinense","2","29","33","30","33","125","36"
"Gemmata sp. Wa1-1","2","7","10","26","39","100","20"
"Quercus rubra","2","1","15","30","42","107","14"
"Nepenthes rafflesiana","2","3","3","10","12","31","18"
"Methylorubrum extorquens","2","3","4","33","45","76","17"
"Adiantum capillus-veneris","2","8","8","6","5","23","8"
"Beta vulgaris","2","3","4","13","7","20","16"
"Linum perenne","2","2","5","20","29","51","7"
"Rosa chinensis","2","7","7","10","15","40","8"
"Xanthomonas axonopodis","2","7","10","26","39","100","20"
"Nepenthes alata","2","3","3","10","12","31","18"
"Polaribacter filamentus","2","7","10","26","39","100","20"
"Sesbania rostrata","2","143","165","94","143","657","120"
"Cytophaga hutchinsonii","2","7","10","26","39","100","20"
"Gossypium barbadense","2","4","5","36","35","75","13"
"Euphorbia lagascae","2","3","4","7","6","18","5"
"Populus trichocarpa x Populus deltoides","2","14","17","28","33","84","31"
"Saccharum officinarum","2","3","6","21","16","39","21"
"Hypericum calycinum","2","7","12","36","39","90","25"
"Lens culinaris","2","11","15","28","15","91","20"
"Fragaria","2","32","37","27","32","148","12"
"Theobroma cacao","2","20","22","16","16","69","21"
"Streptomyces antibioticus","2","7","10","26","39","100","20"
"Gardenia jasminoides","2","1","1","21","27","43","8"
"Xanthomonas arboricola","2","7","10","26","39","100","20"
"Actinomycetota","2","7","10","26","39","100","20"
"Bacillus anthracis","2","6","7","19","34","77","13"
"Cereibacter sphaeroides","2","6","7","36","46","82","21"
"Pinus densiflora","2","1","10","22","24","49","35"
"Vibrio cholerae","2","12","16","48","38","106","36"
"Clostridium kluyveri","2","4","5","29","41","69","18"
"Anemone leveillei","2","2","2","24","32","58","6"
"Solidago canadensis","2","22","23","19","37","142","19"
"Populus nigra","2","4","4","27","36","67","13"
"Lactuca sativa","2","13","15","17","28","85","15"
"Glebionis segetum","2","51","61","39","36","211","27"
"Helianthus annuus","2","13","15","16","39","96","17"
"Astragalus","2","6","9","30","28","63","36"
"Desmodium uncinatum","2","14","14","26","35","88","11"
"Sanguinaria canadensis","2","19","29","55","71","232","31"
"Flaveria bidentis","2","112","130","83","156","623","78"
"Anisodus acutangulus","2","17","20","51","77","203","28"
"Narcissus pseudonarcissus","2","7","7","12","16","48","30"
"Digitalis lanata","2","3","8","40","76","122","10"
"Stellaria media","2","9","13","19","20","93","13"
"Vicia sativa","2","7","11","19","10","42","21"
"Pantoea ananatis","2","7","7","12","16","48","30"
"Rubus idaeus","2","6","10","14","13","42","25"
"Panax notoginseng","2","31","32","31","56","147","35"
"Coffea canephora","2","40","45","32","32","158","42"
"Mirabilis jalapa","2","7","10","51","83","175","29"
"Aphelandra squarrosa","2","12","12","20","23","59","22"
"Methanothermobacter marburgensis","2","18","22","12","6","64","22"
"Setaria italica","2","11","20","31","25","82","20"
"Asclepias syriaca","2","4","4","10","22","41","9"
"Daphne odora","2","8","12","16","16","48","7"
"Sinningia cardinalis","2","4","6","21","22","61","13"
"Digitalis","2","3","8","40","76","122","10"
"Phaseolus coccineus","2","30","30","29","65","228","32"
"Carpobrotus acinaciformis","2","7","10","51","73","144","30"
"Corydalis vaginans","2","19","29","55","71","232","31"
"Populus tremula x Populus tremuloides","2","10","12","20","21","55","16"
"Cleretum bellidiforme","2","7","10","51","83","175","29"
"Gemmata obscuriglobus","2","11","11","11","9","41","18"
"Vigna aconitifolia","2","2","2","16","17","35","21"
"Neurospora crassa","2","8","11","12","8","32","29"
"Flaveria chlorifolia","2","112","130","83","156","623","78"
"Pantoea agglomerans","2","27","32","31","33","154","35"
"Vanilla planifolia","2","34","37","16","10","88","14"
"Tetradesmus obliquus","2","6","32","11","22","90","48"
"Sorbus aucuparia","2","7","8","17","17","41","16"
"Digitalis purpurea","2","3","8","40","76","122","10"
"Coptis chinensis","2","11","12","21","22","81","18"
"Citrus x aurantium","2","2","5","15","20","43","28"
"Tellima grandiflora","2","1","15","30","34","99","18"
"Croton stellatopilosus","2","31","42","22","18","120","42"
"Sporobolus alterniflorus","2","3","6","32","23","57","33"
"Nicotiana glutinosa","2","8","9","17","23","71","32"
"Leucaena leucocephala","2","0","2","13","9","32","5"
"Cinchona","2","0","2","32","32","42","4"
"Silene latifolia","2","0","6","29","36","60","11"
"Persicaria tinctoria","2","0","1","12","13","22","4"
"Strobilanthes cusia","2","0","1","12","13","22","4"
"Thalictrum flavum","2","13","16","41","31","113","44"
"Rhizophora stylosa","2","29","29","7","7","94","24"
"Impatiens balsamina","2","3","3","7","4","13","2"
"Stigmatella aurantiaca","2","17","17","11","9","53","23"
"Kandelia candel","2","29","29","7","7","94","24"
"Rhodotorula glutinis","2","35","39","38","45","185","54"
"Zingiber zerumbet","2","9","9","13","14","40","22"
"Berberis stolonifera","2","11","13","36","32","102","37"
"Santalum album","2","10","14","7","12","46","11"
"Gerbera hybrid cultivar","2","16","22","30","55","159","43"
"Centaurium erythraea","2","0","8","23","45","104","17"
"Rheum palmatum","2","0","3","16","14","26","22"
"Nerine bowdenii","1","12","15","43","76","150","23"
"Rosales","1","11","11","14","17","49","8"
"Viburnum furcatum","1","1","1","8","2","9","6"
"Panicum miliaceum","1","28","42","22","30","131","35"
"Lupinus termis","1","1","6","19","10","28","7"
"Galanthus elwesii","1","12","15","43","76","150","23"
"Batis maritima","1","2","3","8","6","18","8"
"Pinus ponderosa","1","1","2","4","2","6","6"
"Forsythia x intermedia","1","1","5","19","28","51","20"
"Narcissus aff. pseudonarcissus MK-2014","1","12","15","43","76","150","23"
"Lupinus polyphyllus","1","1","6","19","10","28","7"
"Avena clauda","1","27","27","3","2","56","18"
"Delftia acidovorans","1","1","2","10","6","15","9"
"Avena prostrata","1","27","27","3","2","56","18"
"Nicotiana plumbaginifolia","1","6","7","9","12","39","9"
"Pinus sabiniana","1","1","2","4","2","6","6"
"Actinidia eriantha","1","5","5","20","14","36","9"
"Avena longiglumis","1","27","27","3","2","56","18"
"Lilium longiflorum","1","6","9","16","10","39","14"
"Forsythia koreana","1","3","3","6","6","14","16"
"Thuja plicata","1","1","5","19","28","51","20"
"Streptococcus mutans","1","17","48","49","29","209","41"
"Tanacetum cinerariifolium","1","1","1","19","16","25","5"
"Amaranthus cruentus","1","28","42","22","30","131","35"
"Amaranthus hypochondriacus","1","28","42","22","30","131","35"
"Ruta","1","10","10","17","13","38","18"
"Cassia coluteoides","1","4","8","16","8","30","4"
"Methanosarcina mazei","1","8","11","19","21","51","18"
"Avena ventricosa","1","27","27","3","2","56","18"
"Danio rerio","1","1","2","10","6","15","9"
"Taxus baccata","1","4","5","33","49","85","11"
"Actinidia deliciosa","1","5","5","20","14","36","9"
"Lemna aequinoctialis","1","9","12","15","14","49","12"
"Aquilegia vulgaris","1","16","23","33","38","110","11"
"Cistus creticus","1","2","2","10","10","18","9"
"Gentiana straminea","1","23","23","8","11","69","21"
"Aspergillus terricola","1","1","5","23","9","34","9"
"Lacticaseibacillus casei","1","0","1","13","4","16","12"
"Derris elliptica","1","0","1","15","14","23","9"
"Nyctaginaceae","1","0","2","13","9","17","4"
"Bifidobacterium longum","1","0","1","13","4","16","12"
"Coffea eugenioides","1","0","0","10","12","21","3"
"Triticum urartu","1","2","4","27","28","48","12"
"Allium aflatunense","1","2","3","17","14","25","17"
"Allium altaicum","1","2","3","17","14","25","17"
"Physaria lindheimeri","1","1","1","9","9","17","6"
"Physaria","1","1","1","9","9","17","6"
"Allium schoenoprasum","1","2","3","17","14","25","17"
"Sophora flavescens","1","2","4","9","8","19","8"
"Vernonia","1","2","3","5","3","11","4"
"Allium chinense","1","2","3","17","14","25","17"
"Archaea","1","3","4","7","5","14","9"
"Mentha x gracilis","1","16","17","7","8","45","15"
"Crepis palaestina","1","2","3","5","3","11","4"
"Aegilops tauschii","1","2","4","27","28","48","12"
"Dalbergia nigrescens","1","1","1","6","6","11","5"
"Gypsophila vaccaria","1","1","1","12","10","19","3"
"Synechocystis","1","10","12","21","21","56","20"
"Populus tremula x Populus alba","1","2","2","13","3","19","7"
"Prunus dulcis","1","5","5","15","22","43","6"
"Dimorphotheca sinuata","1","3","3","11","8","20","6"
"Allium ascalonicum","1","2","3","17","14","25","17"
"Chlamydia trachomatis","1","1","6","21","22","50","13"
"Tagetes erecta","1","51","59","32","27","174","25"
"Vibrio furnissii","1","3","3","10","11","23","18"
"Senecio vernalis","1","3","3","4","2","9","4"
"Helicobacter pylori","1","2","2","13","3","19","7"
"Magnolia","1","2","2","3","2","6","3"
"Allium nutans","1","2","3","17","14","25","17"
"Serratia marcescens","1","3","3","10","11","23","18"
"Tagetes patula","1","51","59","32","27","174","25"
"Medicago truncatula","1","2","2","16","25","41","13"
"Ulva intestinalis","1","1","1","16","11","19","8"
"Allium ampeloprasum","1","2","3","17","14","25","17"
"Allium altyncolicum","1","2","3","17","14","25","17"
"Thunbergia alata","1","1","1","5","3","10","1"
"Tetraselmis","1","1","1","16","11","19","8"
"Allium victorialis","1","2","3","17","14","25","17"
"Thermococcus kodakarensis","1","3","4","7","5","14","9"
"Caenorhabditis elegans","1","2","2","12","11","23","10"
"Vibrio cholerae O1","1","3","3","10","11","23","18"
"Barnadesia spinosa","1","13","15","15","27","84","12"
"Ulva lactuca","1","1","1","16","11","19","8"
"Prunus mume","1","5","5","15","22","43","6"
"Senecio vulgaris","1","3","3","4","2","9","4"
"Magnolia grandiflora","1","2","2","3","2","6","3"
"Crepis alpina","1","1","1","5","3","8","1"
"Mentha aquatica","1","12","16","12","4","41","18"
"Allium fistulosum","1","2","3","17","14","25","17"
"Triticum spelta","1","3","9","21","28","108","17"
"Allium ursinum","1","2","3","17","14","25","17"
"Capsicum baccatum","1","18","22","11","14","65","21"
"Eukaryota","1","3","4","7","5","14","9"
"Picea glauca","1","10","11","11","4","32","10"
"Arabidopsis","1","6","6","6","3","17","13"
"Physaria kathryn","1","1","1","9","9","17","6"
"Lunaria annua","1","1","1","9","9","17","6"
"Nitrosopumilus maritimus","1","2","3","27","36","57","9"
"Rudbeckia hirta","1","51","59","32","27","174","25"
"Allium ochotense","1","2","3","17","14","25","17"
"Physaria fendleri","1","1","1","9","9","17","6"
"Tanacetum parthenium","1","2","2","6","9","20","6"
"Vibrio cholerae non-O1","1","3","3","10","11","23","18"
"Sesamum alatum","1","5","5","14","15","34","10"
"Saccharopolyspora spinosa","1","2","2","12","11","23","10"
"Trifolium incarnatum","1","0","2","16","10","23","5"
"Piper nigrum","1","0","1","12","9","15","3"
"Psilotum nudum","1","0","7","15","12","27","16"
"Citrullus lanatus","1","0","2","14","10","26","1"
"Ophiorrhiza pumila","1","0","0","10","9","13","5"
"Coffea abeokutae","1","0","0","7","6","8","3"
"Ophiorrhiza japonica","1","0","0","10","9","13","5"
"Aloe ferox","1","0","0","14","15","22","15"
"Nothapodytes nimmoniana","1","0","0","10","9","13","5"
"Coffea liberica","1","0","0","7","6","8","3"
"Camptotheca","1","0","0","10","9","13","5"
"Camptotheca acuminata","1","0","0","10","9","13","5"
"Xanthophyllomyces dendrorhous","1","3","3","3","2","10","16"
"Panicum virgatum","1","3","3","3","2","10","16"
"Croton sublyratus","1","11","14","11","7","40","19"
"Hordeum lechleri","1","9","9","13","17","44","18"
"Crambe hispanica","1","11","13","19","16","59","14"
"Cymbopogon martinii","1","2","3","7","5","12","9"
"Lamium galeobdolon","1","9","9","13","17","44","18"
"Neptunia","1","1","1","15","16","32","18"
"Peganum harmala","1","3","3","14","11","25","4"
"Ginkgo biloba","1","8","12","11","4","37","11"
"Chlorella sp. (Roon 68)","1","2","6","11","9","26","11"
"Cucurbita pepo medullosa","1","6","14","17","10","44","18"
"Ostreococcus sp. lucimarinus","1","3","3","6","6","16","8"
"Syntrophotalea acetylenica","1","2","2","7","5","12","11"
"Carica papaya","1","3","3","3","2","10","16"
"Lygodium circinatum","1","2","2","10","8","20","7"
"Coptis teeta","1","10","11","16","11","47","13"
"Methanocaldococcus jannaschii","1","6","7","19","21","46","13"
"Chrysanthemum x morifolium","1","4","4","8","4","18","4"
"Citrus junos","1","15","15","6","6","40","23"
"Citrus x clementina","1","29","34","32","38","130","42"
"Saxifraga stolonifera","1","1","1","8","5","9","12"
"Scutellaria viscidula","1","1","4","14","11","23","12"
"Citrus x microcarpa","1","3","3","4","4","11","3"
"Methanosarcina thermophila","1","2","2","7","5","12","11"
"Dahlia pinnata","1","4","4","8","4","18","4"
"Avena","1","6","6","10","6","21","11"
"Micrococcus luteus","1","11","12","4","2","27","13"
"Halobacterium salinarum","1","1","1","8","8","15","6"
"Lemna minor","1","2","6","11","9","26","11"
"Betula","1","2","2","6","6","12","4"
"Coniferophyta","1","8","9","13","18","47","21"
"Cupressus","1","1","1","4","4","7","3"
"Schizonepeta tenuifolia","1","5","8","14","8","29","10"
"Syzygium aromaticum","1","17","17","5","6","52","18"
"Cyperus iria","1","1","2","17","16","27","18"
"Selaginella lepidophylla","1","4","5","8","5","17","20"
"Perilla citriodora","1","8","7","11","6","26","12"
"Betula pubescens","1","2","2","6","6","12","4"
"Toxicodendron vernicifluum","1","1","3","7","5","15","3"
"Plasmodium falciparum","1","6","6","26","24","47","30"
"Zea luxurians","1","17","17","5","6","52","18"
"Aquilaria crassna","1","10","10","4","3","32","14"
"Chelidonium majus","1","10","11","16","11","47","13"
"Ajuga reptans","1","1","1","6","6","14","5"
"Rauvolfia serpentina","1","3","11","41","66","119","12"
"Spirodela polyrhiza","1","9","10","15","19","50","15"
"Plantago major","1","14","19","37","25","90","18"
"Consolida orientalis","1","9","9","13","17","44","18"
"Ephedra gerardiana","1","1","1","23","30","44","9"
"Gyrinops","1","10","10","4","3","32","14"
"Citrus trifoliata","1","29","34","32","38","130","42"
"Allium tuberosum","1","3","4","15","11","23","9"
"Solanum","1","2","2","9","15","25","4"
"Pericallis cruenta","1","4","4","8","4","18","4"
"Nicotiana rustica","1","11","15","22","21","62","27"
"Clostridium acetobutylicum","1","2","2","7","5","12","11"
"Citrus","1","3","3","7","5","15","6"
"Salvia stenophylla","1","3","3","3","2","8","7"
"Cerastium arvense","1","9","12","17","9","44","12"
"Pteris vittata","1","8","8","3","2","19","14"
"Prunus serotina","1","4","5","10","6","20","7"
"Thalassiosira pseudonana","1","3","3","6","6","16","8"
"Pinus banksiana","1","28","33","8","5","73","20"
"Ammi majus","1","3","7","22","33","68","11"
"Cinnamomum tenuipile","1","8","7","11","6","26","12"
"Carum carvi","1","5","8","14","8","29","10"
"Wollastonia biflora","1","1","2","15","8","19","12"
"Olea europaea","1","3","8","13","14","34","7"
"Croton","1","11","14","11","7","40","19"
"Lactococcus lactis","1","8","10","30","28","68","33"
"Citrus japonica","1","29","34","32","38","130","42"
"Cyanidioschyzon merolae","1","3","3","6","6","16","8"
"Citrus unshiu","1","29","34","32","38","130","42"
"Sterculia foetida","1","1","1","9","6","11","3"
"Acinetobacter baylyi","1","14","14","11","11","54","10"
"Nicotiana","1","6","4","1","1","11","4"
"Anaerotignum propionicum","1","2","2","7","5","12","11"
"Citrus hanaju","1","29","34","32","38","130","42"
"Tephrosia vogelii","1","0","1","9","6","12","14"
"Cinchona officinalis","1","0","2","13","12","22","2"
"Auxenochlorella pyrenoidosa","1","0","1","5","3","5","3"
"Bromus inermis","1","0","2","4","3","7","5"
"Lampranthus sociorum","1","0","1","7","4","10","5"
"Cryptomeria japonica","1","0","2","8","8","11","24"
"Cinchona calisaya","1","0","2","13","12","22","2"
"Allium siculum","1","0","2","4","3","5","4"
"Corydalis cava","1","0","1","6","4","9","2"
"Dictyostelium discoideum","1","0","1","5","3","5","3"
"Cinchona mutisii","1","0","2","13","12","22","2"
"Cinchona macrocalyx","1","0","2","13","12","22","2"
"Asparagus officinalis","1","0","2","8","8","11","24"
"Conium maculatum","1","0","2","20","23","37","3"
"Taxus chinensis","1","0","1","7","4","7","6"
"Euglena gracilis","1","0","1","5","3","5","3"
"Cinchona pitayensis","1","0","2","13","12","22","2"
"Colchicum autumnale","1","0","3","18","17","29","3"
"Cinchona pubescens","1","0","2","13","12","22","2"
"Alectoria (lichen)","1","0","0","8","8","10","6"
"Plectranthus barbatus","1","0","0","16","12","18","4"
"Cladonia","1","0","0","8","8","10","6"
"Jacquinia angustifolia","1","0","0","16","12","18","4"
"Ramalina","1","0","0","8","8","10","6"
"Lecanora","1","0","0","8","8","10","6"
"Evernia","1","0","0","8","8","10","6"
"Usnea","1","0","0","8","8","10","6"
"Petunia","1","0","0","5","4","4","2"
"Ulva curvata","1","0","0","4","3","3","15"
"Amanita muscaria","1","0","0","12","12","18","8"
"Pseudomonas","1","0","0","4","2","3","5"
"Trichosanthes kirilowii","1","2","2","5","3","11","2"
"Erwinia amylovora","1","7","9","8","6","26","16"
"Ceratodon purpureus","1","3","3","9","12","34","5"
"Linum","1","1","1","4","3","7","3"
"Sarcina ventriculi","1","7","9","8","6","26","16"
"Triticum","1","19","20","22","12","66","23"
"Davallia trichomanoides","1","3","5","15","4","22","11"
"Malus pumila","1","2","3","12","9","20","5"
"Arachis hypogaea","1","5","8","11","11","32","22"
"Phleum pratense","1","1","3","7","6","15","5"
"Nicotiana benthamiana","1","18","18","23","43","106","30"
"Cephalocereus senilis","1","1","3","14","12","22","26"
"Plumbago indica","1","1","1","11","6","12","4"
"Acer pseudoplatanus","1","1","1","8","5","11","4"
"Malus sp.","1","2","3","12","9","20","5"
"Plumbago europaea","1","1","1","11","6","12","4"
"Rhodiola sachalinensis","1","14","14","15","12","46","11"
"Thalictrum tuberosum","1","10","12","33","26","88","36"
"Trifolium repens","1","6","7","14","19","49","6"
"Haematococcus lacustris","1","5","5","15","30","75","22"
"Saussurea medusa","1","4","6","17","11","32","8"
"Mycolicibacterium fortuitum","1","8","11","17","15","42","10"
"Megathyrsus maximus","1","29","38","21","35","130","38"
"Capsicum","1","11","13","27","19","60","17"
"Nepenthes gracilis","1","3","3","3","1","8","6"
"Anethum foeniculum","1","2","4","12","8","20","3"
"Magnolia obovata","1","1","1","6","6","12","7"
"Berberis","1","3","4","13","5","25","8"
"Wachendorfia thyrsiflora","1","2","2","17","16","26","11"
"Thalictrum bulgaricum","1","13","22","43","47","138","16"
"Fluviicola taffensis","1","7","7","2","1","15","8"
"Pimpinella","1","2","4","17","12","28","4"
"Punica granatum","1","2","2","5","3","11","2"
"Spartina","1","3","3","17","13","25","15"
"Dalbergia cochinchinensis","1","1","1","4","3","6","3"
"Mycobacterium avium complex (MAC)","1","8","11","17","15","42","10"
"Persea americana","1","9","10","9","9","34","7"
"Vigna unguiculata","1","6","10","17","13","45","11"
"Guatteria hispida","1","1","1","6","6","12","7"
"Acetobacter","1","7","9","8","6","26","16"
"Hyphomicrobium zavarzinii","1","1","1","13","9","19","9"
"Petiveria alliacea","1","2","2","11","9","15","8"
"Vernicia fordii","1","3","3","5","3","12","2"
"Zymomonas mobilis","1","7","9","8","6","26","16"
"Datura inoxia","1","11","13","33","40","87","10"
"Nannocystis exedens","1","10","10","10","8","38","16"
"Carapichea ipecacuanha","1","5","6","20","21","48","4"
"Caryophyllales","1","2","2","7","5","13","7"
"Chlorophyta","1","15","17","25","27","82","26"
"Urochloa panicoides","1","29","38","21","35","130","38"
"Momordica charantia","1","3","3","5","3","12","2"
"Methyloceanibacter caenitepidi","1","7","7","2","1","15","8"
"Alangium lamarckii","1","5","6","20","21","48","4"
"Corallococcus coralloides","1","7","7","2","1","15","8"
"Lepidium sativum","1","1","1","10","10","14","2"
"Nepenthes mirabilis","1","3","3","3","1","8","6"
"Guatteria blepharophylla","1","1","1","6","6","12","7"
"Phragmites australis","1","8","9","22","25","62","24"
"Eucalyptus piperita","1","1","1","6","6","12","7"
"Caryophyllaceae","1","2","2","10","8","15","8"
"Cystobacter fuscus","1","7","7","2","1","15","8"
"Salvia fruticosa","1","9","9","13","15","41","14"
"Pyrus pyrifolia","1","8","11","12","7","40","11"
"Adonis annua","1","5","5","15","30","75","22"
"Coriandrum sativum","1","1","2","8","19","33","2"
"Vaccinium myrtillus","1","3","3","11","8","17","16"
"Mycolicibacterium phlei","1","8","11","17","15","42","10"
"Dicranum scoparium","1","3","3","9","12","34","5"
"Schizosaccharomyces pombe","1","7","9","8","6","26","16"
"Berberis beaniana","1","12","14","30","11","73","17"
"Santalum spicatum","1","10","14","6","8","40","10"
"Streptococcus pneumoniae","1","1","2","8","3","12","7"
"Pimpinella anisum","1","2","4","12","8","20","3"
"Santalum austrocaledonicum","1","10","14","6","8","40","10"
"Malus hupehensis","1","2","3","12","9","20","5"
"Euonymus alatus","1","1","4","18","12","35","10"
"Bruguiera gymnorhiza","1","29","29","7","6","79","21"
"Hydrangea macrophylla","1","5","8","11","11","32","22"
"Atractylodes lancea","1","1","1","6","6","12","7"
"Rhizophora apiculata","1","29","29","7","6","79","21"
"Rhizophoraceae","1","29","29","7","6","79","21"
"Streptomyces griseus","1","1","1","9","5","10","13"
"Phlebodium aureum","1","3","5","15","4","22","11"
"Rhizophora mangle","1","29","29","7","6","79","21"
"Rheum tataricum","1","5","8","11","11","32","22"
"Anigozanthos preissii","1","2","2","17","16","26","11"
"Glycyrrhiza uralensis","1","35","37","14","33","148","24"
"Mycobacterium kansasii","1","8","11","17","15","42","10"
"Dryopteris crassirhizoma","1","1","1","2","1","3","2"
"Hedychium","1","1","1","6","6","12","7"
"Hyoscyamus muticus","1","2","2","15","22","39","7"
"Capsicum frutescens","1","11","13","27","19","60","17"
"Clostridium botulinum","1","7","9","8","6","26","16"
"Archaeoglobus fulgidus","1","5","7","8","4","22","8"
"Salvia rosmarinus","1","9","9","13","15","41","14"
"Guatteria friesiana","1","1","1","6","6","12","7"
"Methylosphaera hansonii","1","10","10","10","8","38","16"
"Diospyros kaki","1","2","6","17","17","36","12"
"Rhodiola rosea","1","14","14","15","12","46","11"
"Methylococcus capsulatus","1","10","10","10","8","38","16"
"Pseudomonas fluorescens","1","1","1","9","5","10","13"
"Camellia taliensis","1","7","9","11","11","37","9"
"Astragalus mongholicus","1","1","1","5","3","6","15"
"Aspergillus niger","1","7","9","8","6","26","16"
"Lathyrus tingitanus","1","0","1","8","5","8","2"
"Cestrum elegans","1","0","3","15","9","20","2"
"Tanacetum vulgare","1","0","3","9","6","11","9"
"Albizia julibrissin","1","0","1","10","6","24","2"
"Pelargonium crispum","1","0","3","12","11","18","9"
"Fagopyrum tataricum","1","0","6","9","6","23","6"
"Rosa","1","0","1","7","5","8","4"
"Tanacetum balsamita","1","0","3","9","6","11","9"
"Blighia sapida","1","0","2","29","25","36","10"
"Fagus crenata","1","0","1","10","6","24","2"
"Lathyrus odoratus","1","0","1","10","6","24","2"
"Paul's Scarlet Climber Rose","1","0","3","12","11","18","9"
"Aquifex aeolicus","1","0","3","19","21","39","11"
"Felis catus","1","0","0","11","9","12","15"
"Passiflora edulis","1","0","0","11","9","12","15"
"Erythroxylum coca","1","0","0","20","19","28","4"
"Dolichandra unguis-cati","1","0","0","8","16","23","5"
"Lawsonia inermis","1","0","0","2","1","1","0"
