pwID,count
http://rdf-plantmetwiki.bioinformatics.nl/pathways/PC844_r17.0.0_20260605-171052,23
http://rdf-plantmetwiki.bioinformatics.nl/pathways/PC179_r17.0.0_20260605-171052,4
http://rdf-plantmetwiki.bioinformatics.nl/pathways/PC176_r17.0.0_20260605-171052,18
http://rdf-plantmetwiki.bioinformatics.nl/pathways/PC794_r17.0.0_20260605-171052,2
http://rdf-plantmetwiki.bioinformatics.nl/pathways/PC818_r17.0.0_20260605-171052,8
http://rdf-plantmetwiki.bioinformatics.nl/pathways/PC81_r17.0.0_20260605-171052,2
http://rdf-plantmetwiki.bioinformatics.nl/pathways/PC154_r17.0.0_20260605-171052,32
http://rdf-plantmetwiki.bioinformatics.nl/pathways/PC956_r17.0.0_20260605-171052,12
http://rdf-plantmetwiki.bioinformatics.nl/pathways/PC894_r17.0.0_20260605-171052,1
http://rdf-plantmetwiki.bioinformatics.nl/pathways/PC981_r17.0.0_20260605-171052,6
http://rdf-plantmetwiki.bioinformatics.nl/pathways/PC225_r17.0.0_20260605-171052,28
http://rdf-plantmetwiki.bioinformatics.nl/pathways/PC791_r17.0.0_20260605-171052,53
http://rdf-plantmetwiki.bioinformatics.nl/pathways/PC90_r17.0.0_20260605-171052,2
http://rdf-plantmetwiki.bioinformatics.nl/pathways/PC907_r17.0.0_20260605-171052,2
http://rdf-plantmetwiki.bioinformatics.nl/pathways/PC468_r17.0.0_20260605-171052,3
http://rdf-plantmetwiki.bioinformatics.nl/pathways/PC1099_r17.0.0_20260605-171052,3
http://rdf-plantmetwiki.bioinformatics.nl/pathways/PC1123_r17.0.0_20260605-171052,2
http://rdf-plantmetwiki.bioinformatics.nl/pathways/PC243_r17.0.0_20260605-171052,6
http://rdf-plantmetwiki.bioinformatics.nl/pathways/RC465_r17.0.0_20260605-171052,2
http://rdf-plantmetwiki.bioinformatics.nl/pathways/PC544_r17.0.0_20260605-171052,4
http://rdf-plantmetwiki.bioinformatics.nl/pathways/PC832_r17.0.0_20260605-171052,3
http://rdf-plantmetwiki.bioinformatics.nl/pathways/PC109_r17.0.0_20260605-171052,13
http://rdf-plantmetwiki.bioinformatics.nl/pathways/PC859_r17.0.0_20260605-171052,3
http://rdf-plantmetwiki.bioinformatics.nl/pathways/PC190_r17.0.0_20260605-171052,85
http://rdf-plantmetwiki.bioinformatics.nl/pathways/PC591_r17.0.0_20260605-171052,1
http://rdf-plantmetwiki.bioinformatics.nl/pathways/PC959_r17.0.0_20260605-171052,2
http://rdf-plantmetwiki.bioinformatics.nl/pathways/PC269_r17.0.0_20260605-171052,1
http://rdf-plantmetwiki.bioinformatics.nl/pathways/PC293_r17.0.0_20260605-171052,10
http://rdf-plantmetwiki.bioinformatics.nl/pathways/PC104_r17.0.0_20260605-171052,28
http://rdf-plantmetwiki.bioinformatics.nl/pathways/PC290_r17.0.0_20260605-171052,8
http://rdf-plantmetwiki.bioinformatics.nl/pathways/PC515_r17.0.0_20260605-171052,1
http://rdf-plantmetwiki.bioinformatics.nl/pathways/PC1075_r17.0.0_20260605-171052,6
http://rdf-plantmetwiki.bioinformatics.nl/pathways/PC23_r17.0.0_20260605-171052,17
http://rdf-plantmetwiki.bioinformatics.nl/pathways/PC705_r17.0.0_20260605-171052,1
http://rdf-plantmetwiki.bioinformatics.nl/pathways/PC244_r17.0.0_20260605-171052,4
http://rdf-plantmetwiki.bioinformatics.nl/pathways/PC1025_r17.0.0_20260605-171052,25
http://rdf-plantmetwiki.bioinformatics.nl/pathways/PC119_r17.0.0_20260605-171052,4
http://rdf-plantmetwiki.bioinformatics.nl/pathways/PC491_r17.0.0_20260605-171052,7
http://rdf-plantmetwiki.bioinformatics.nl/pathways/PC493_r17.0.0_20260605-171052,4
http://rdf-plantmetwiki.bioinformatics.nl/pathways/PC141_r17.0.0_20260605-171052,2
http://rdf-plantmetwiki.bioinformatics.nl/pathways/PC567_r17.0.0_20260605-171052,14
http://rdf-plantmetwiki.bioinformatics.nl/pathways/PC467_r17.0.0_20260605-171052,2
http://rdf-plantmetwiki.bioinformatics.nl/pathways/PC80_r17.0.0_20260605-171052,2
http://rdf-plantmetwiki.bioinformatics.nl/pathways/PC630_r17.0.0_20260605-171052,12
http://rdf-plantmetwiki.bioinformatics.nl/pathways/PC33_r17.0.0_20260605-171052,9
http://rdf-plantmetwiki.bioinformatics.nl/pathways/PC681_r17.0.0_20260605-171052,27
http://rdf-plantmetwiki.bioinformatics.nl/pathways/PC1089_r17.0.0_20260605-171052,5
http://rdf-plantmetwiki.bioinformatics.nl/pathways/PC415_r17.0.0_20260605-171052,6
http://rdf-plantmetwiki.bioinformatics.nl/pathways/PC580_r17.0.0_20260605-171052,1
http://rdf-plantmetwiki.bioinformatics.nl/pathways/PC958_r17.0.0_20260605-171052,3
http://rdf-plantmetwiki.bioinformatics.nl/pathways/PC315_r17.0.0_20260605-171052,2
http://rdf-plantmetwiki.bioinformatics.nl/pathways/RC537_r17.0.0_20260605-171052,2
http://rdf-plantmetwiki.bioinformatics.nl/pathways/PC52_r17.0.0_20260605-171052,13
http://rdf-plantmetwiki.bioinformatics.nl/pathways/PC534_r17.0.0_20260605-171052,2
http://rdf-plantmetwiki.bioinformatics.nl/pathways/PC265_r17.0.0_20260605-171052,10
http://rdf-plantmetwiki.bioinformatics.nl/pathways/PC632_r17.0.0_20260605-171052,10
http://rdf-plantmetwiki.bioinformatics.nl/pathways/PC507_r17.0.0_20260605-171052,25
http://rdf-plantmetwiki.bioinformatics.nl/pathways/PC906_r17.0.0_20260605-171052,2
http://rdf-plantmetwiki.bioinformatics.nl/pathways/PC291_r17.0.0_20260605-171052,3
http://rdf-plantmetwiki.bioinformatics.nl/pathways/PC833_r17.0.0_20260605-171052,4
http://rdf-plantmetwiki.bioinformatics.nl/pathways/PC830_r17.0.0_20260605-171052,3
http://rdf-plantmetwiki.bioinformatics.nl/pathways/PC835_r17.0.0_20260605-171052,6
http://rdf-plantmetwiki.bioinformatics.nl/pathways/PC191_r17.0.0_20260605-171052,13
http://rdf-plantmetwiki.bioinformatics.nl/pathways/PC557_r17.0.0_20260605-171052,1
http://rdf-plantmetwiki.bioinformatics.nl/pathways/PC806_r17.0.0_20260605-171052,1
http://rdf-plantmetwiki.bioinformatics.nl/pathways/PC142_r17.0.0_20260605-171052,1
http://rdf-plantmetwiki.bioinformatics.nl/pathways/PC882_r17.0.0_20260605-171052,1
http://rdf-plantmetwiki.bioinformatics.nl/pathways/PC383_r17.0.0_20260605-171052,3
http://rdf-plantmetwiki.bioinformatics.nl/pathways/PC756_r17.0.0_20260605-171052,8
http://rdf-plantmetwiki.bioinformatics.nl/pathways/PC760_r17.0.0_20260605-171052,5
http://rdf-plantmetwiki.bioinformatics.nl/pathways/PC758_r17.0.0_20260605-171052,3
http://rdf-plantmetwiki.bioinformatics.nl/pathways/PC1139_r17.0.0_20260605-171052,11
http://rdf-plantmetwiki.bioinformatics.nl/pathways/PC899_r17.0.0_20260605-171052,3
http://rdf-plantmetwiki.bioinformatics.nl/pathways/PC405_r17.0.0_20260605-171052,3
http://rdf-plantmetwiki.bioinformatics.nl/pathways/PC459_r17.0.0_20260605-171052,3
http://rdf-plantmetwiki.bioinformatics.nl/pathways/PC860_r17.0.0_20260605-171052,1
http://rdf-plantmetwiki.bioinformatics.nl/pathways/PC999_r17.0.0_20260605-171052,1
http://rdf-plantmetwiki.bioinformatics.nl/pathways/PC218_r17.0.0_20260605-171052,4
http://rdf-plantmetwiki.bioinformatics.nl/pathways/PC332_r17.0.0_20260605-171052,34
http://rdf-plantmetwiki.bioinformatics.nl/pathways/PC1036_r17.0.0_20260605-171052,1
http://rdf-plantmetwiki.bioinformatics.nl/pathways/PC359_r17.0.0_20260605-171052,2
http://rdf-plantmetwiki.bioinformatics.nl/pathways/PC733_r17.0.0_20260605-171052,4
http://rdf-plantmetwiki.bioinformatics.nl/pathways/PC355_r17.0.0_20260605-171052,7
http://rdf-plantmetwiki.bioinformatics.nl/pathways/PC1111_r17.0.0_20260605-171052,3
http://rdf-plantmetwiki.bioinformatics.nl/pathways/PC1140_r17.0.0_20260605-171052,7
http://rdf-plantmetwiki.bioinformatics.nl/pathways/PC168_r17.0.0_20260605-171052,1
http://rdf-plantmetwiki.bioinformatics.nl/pathways/PC165_r17.0.0_20260605-171052,7
http://rdf-plantmetwiki.bioinformatics.nl/pathways/PC308_r17.0.0_20260605-171052,93
http://rdf-plantmetwiki.bioinformatics.nl/pathways/PC1065_r17.0.0_20260605-171052,5
http://rdf-plantmetwiki.bioinformatics.nl/pathways/PC683_r17.0.0_20260605-171052,10
http://rdf-plantmetwiki.bioinformatics.nl/pathways/PC707_r17.0.0_20260605-171052,2
http://rdf-plantmetwiki.bioinformatics.nl/pathways/PC84_r17.0.0_20260605-171052,2
http://rdf-plantmetwiki.bioinformatics.nl/pathways/PC582_r17.0.0_20260605-171052,23
http://rdf-plantmetwiki.bioinformatics.nl/pathways/PC1161_r17.0.0_20260605-171052,2
http://rdf-plantmetwiki.bioinformatics.nl/pathways/PC925_r17.0.0_20260605-171052,3
http://rdf-plantmetwiki.bioinformatics.nl/pathways/PC633_r17.0.0_20260605-171052,12
http://rdf-plantmetwiki.bioinformatics.nl/pathways/PC143_r17.0.0_20260605-171052,5
http://rdf-plantmetwiki.bioinformatics.nl/pathways/PC1014_r17.0.0_20260605-171052,3
http://rdf-plantmetwiki.bioinformatics.nl/pathways/PC1037_r17.0.0_20260605-171052,1
http://rdf-plantmetwiki.bioinformatics.nl/pathways/PC820_r17.0.0_20260605-171052,3
http://rdf-plantmetwiki.bioinformatics.nl/pathways/PC1061_r17.0.0_20260605-171052,2
http://rdf-plantmetwiki.bioinformatics.nl/pathways/PC1063_r17.0.0_20260605-171052,1
http://rdf-plantmetwiki.bioinformatics.nl/pathways/RC1250_r17.0.0_20260605-171052,4
http://rdf-plantmetwiki.bioinformatics.nl/pathways/PC155_r17.0.0_20260605-171052,6
http://rdf-plantmetwiki.bioinformatics.nl/pathways/PC130_r17.0.0_20260605-171052,20
http://rdf-plantmetwiki.bioinformatics.nl/pathways/PC157_r17.0.0_20260605-171052,5
http://rdf-plantmetwiki.bioinformatics.nl/pathways/PC697_r17.0.0_20260605-171052,11
http://rdf-plantmetwiki.bioinformatics.nl/pathways/PC634_r17.0.0_20260605-171052,6
http://rdf-plantmetwiki.bioinformatics.nl/pathways/PC504_r17.0.0_20260605-171052,1
http://rdf-plantmetwiki.bioinformatics.nl/pathways/PC850_r17.0.0_20260605-171052,17
http://rdf-plantmetwiki.bioinformatics.nl/pathways/PC584_r17.0.0_20260605-171052,2
http://rdf-plantmetwiki.bioinformatics.nl/pathways/PC872_r17.0.0_20260605-171052,1
http://rdf-plantmetwiki.bioinformatics.nl/pathways/PC646_r17.0.0_20260605-171052,5
http://rdf-plantmetwiki.bioinformatics.nl/pathways/PC725_r17.0.0_20260605-171052,6
http://rdf-plantmetwiki.bioinformatics.nl/pathways/PC604_r17.0.0_20260605-171052,1
http://rdf-plantmetwiki.bioinformatics.nl/pathways/PC433_r17.0.0_20260605-171052,3
http://rdf-plantmetwiki.bioinformatics.nl/pathways/PC1126_r17.0.0_20260605-171052,2
http://rdf-plantmetwiki.bioinformatics.nl/pathways/PC99_r17.0.0_20260605-171052,2
http://rdf-plantmetwiki.bioinformatics.nl/pathways/PC620_r17.0.0_20260605-171052,6
http://rdf-plantmetwiki.bioinformatics.nl/pathways/RC842_r17.0.0_20260605-171052,2
http://rdf-plantmetwiki.bioinformatics.nl/pathways/PC675_r17.0.0_20260605-171052,19
http://rdf-plantmetwiki.bioinformatics.nl/pathways/PC182_r17.0.0_20260605-171052,11
http://rdf-plantmetwiki.bioinformatics.nl/pathways/PC409_r17.0.0_20260605-171052,13
http://rdf-plantmetwiki.bioinformatics.nl/pathways/PC1104_r17.0.0_20260605-171052,3
http://rdf-plantmetwiki.bioinformatics.nl/pathways/PC1101_r17.0.0_20260605-171052,5
http://rdf-plantmetwiki.bioinformatics.nl/pathways/PC949_r17.0.0_20260605-171052,6
http://rdf-plantmetwiki.bioinformatics.nl/pathways/PC946_r17.0.0_20260605-171052,8
http://rdf-plantmetwiki.bioinformatics.nl/pathways/PC506_r17.0.0_20260605-171052,1
http://rdf-plantmetwiki.bioinformatics.nl/pathways/PC648_r17.0.0_20260605-171052,7
http://rdf-plantmetwiki.bioinformatics.nl/pathways/PC1026_r17.0.0_20260605-171052,15
http://rdf-plantmetwiki.bioinformatics.nl/pathways/PC1030_r17.0.0_20260605-171052,6
http://rdf-plantmetwiki.bioinformatics.nl/pathways/PC1051_r17.0.0_20260605-171052,10
http://rdf-plantmetwiki.bioinformatics.nl/pathways/PC924_r17.0.0_20260605-171052,3
http://rdf-plantmetwiki.bioinformatics.nl/pathways/PC482_r17.0.0_20260605-171052,4
http://rdf-plantmetwiki.bioinformatics.nl/pathways/PC622_r17.0.0_20260605-171052,3
http://rdf-plantmetwiki.bioinformatics.nl/pathways/PC9_r17.0.0_20260605-171052,17
http://rdf-plantmetwiki.bioinformatics.nl/pathways/PC331_r17.0.0_20260605-171052,2
http://rdf-plantmetwiki.bioinformatics.nl/pathways/PC356_r17.0.0_20260605-171052,20
http://rdf-plantmetwiki.bioinformatics.nl/pathways/PC358_r17.0.0_20260605-171052,32
http://rdf-plantmetwiki.bioinformatics.nl/pathways/PC69_r17.0.0_20260605-171052,3
http://rdf-plantmetwiki.bioinformatics.nl/pathways/PC472_r17.0.0_20260605-171052,2
http://rdf-plantmetwiki.bioinformatics.nl/pathways/PC871_r17.0.0_20260605-171052,8
http://rdf-plantmetwiki.bioinformatics.nl/pathways/PC574_r17.0.0_20260605-171052,1
http://rdf-plantmetwiki.bioinformatics.nl/pathways/PC599_r17.0.0_20260605-171052,1
http://rdf-plantmetwiki.bioinformatics.nl/pathways/PC1002_r17.0.0_20260605-171052,2
http://rdf-plantmetwiki.bioinformatics.nl/pathways/PC1056_r17.0.0_20260605-171052,27
http://rdf-plantmetwiki.bioinformatics.nl/pathways/PC1053_r17.0.0_20260605-171052,1
http://rdf-plantmetwiki.bioinformatics.nl/pathways/PC847_r17.0.0_20260605-171052,1
http://rdf-plantmetwiki.bioinformatics.nl/pathways/PC283_r17.0.0_20260605-171052,14
http://rdf-plantmetwiki.bioinformatics.nl/pathways/PC423_r17.0.0_20260605-171052,5
http://rdf-plantmetwiki.bioinformatics.nl/pathways/PC420_r17.0.0_20260605-171052,12
http://rdf-plantmetwiki.bioinformatics.nl/pathways/PC207_r17.0.0_20260605-171052,4
http://rdf-plantmetwiki.bioinformatics.nl/pathways/PC523_r17.0.0_20260605-171052,7
http://rdf-plantmetwiki.bioinformatics.nl/pathways/PC495_r17.0.0_20260605-171052,2
http://rdf-plantmetwiki.bioinformatics.nl/pathways/PC520_r17.0.0_20260605-171052,1
http://rdf-plantmetwiki.bioinformatics.nl/pathways/PC259_r17.0.0_20260605-171052,2
http://rdf-plantmetwiki.bioinformatics.nl/pathways/PC309_r17.0.0_20260605-171052,3
http://rdf-plantmetwiki.bioinformatics.nl/pathways/PC395_r17.0.0_20260605-171052,2
http://rdf-plantmetwiki.bioinformatics.nl/pathways/PC370_r17.0.0_20260605-171052,13
http://rdf-plantmetwiki.bioinformatics.nl/pathways/PC1151_r17.0.0_20260605-171052,6
http://rdf-plantmetwiki.bioinformatics.nl/pathways/PC470_r17.0.0_20260605-171052,2
http://rdf-plantmetwiki.bioinformatics.nl/pathways/PC180_r17.0.0_20260605-171052,5
http://rdf-plantmetwiki.bioinformatics.nl/pathways/RC986_r17.0.0_20260605-171052,2
http://rdf-plantmetwiki.bioinformatics.nl/pathways/PC320_r17.0.0_20260605-171052,2
http://rdf-plantmetwiki.bioinformatics.nl/pathways/RC1014_r17.0.0_20260605-171052,1
http://rdf-plantmetwiki.bioinformatics.nl/pathways/PC346_r17.0.0_20260605-171052,11
http://rdf-plantmetwiki.bioinformatics.nl/pathways/PC824_r17.0.0_20260605-171052,23
http://rdf-plantmetwiki.bioinformatics.nl/pathways/PC446_r17.0.0_20260605-171052,14
http://rdf-plantmetwiki.bioinformatics.nl/pathways/PC595_r17.0.0_20260605-171052,5
http://rdf-plantmetwiki.bioinformatics.nl/pathways/PC699_r17.0.0_20260605-171052,12
http://rdf-plantmetwiki.bioinformatics.nl/pathways/PC990_r17.0.0_20260605-171052,11
http://rdf-plantmetwiki.bioinformatics.nl/pathways/PC986_r17.0.0_20260605-171052,6
http://rdf-plantmetwiki.bioinformatics.nl/pathways/RC982_r17.0.0_20260605-171052,1
http://rdf-plantmetwiki.bioinformatics.nl/pathways/PC7_r17.0.0_20260605-171052,1
http://rdf-plantmetwiki.bioinformatics.nl/pathways/PC861_r17.0.0_20260605-171052,6
http://rdf-plantmetwiki.bioinformatics.nl/pathways/PC911_r17.0.0_20260605-171052,87
http://rdf-plantmetwiki.bioinformatics.nl/pathways/PC246_r17.0.0_20260605-171052,5
http://rdf-plantmetwiki.bioinformatics.nl/pathways/PC671_r17.0.0_20260605-171052,4
http://rdf-plantmetwiki.bioinformatics.nl/pathways/PC790_r17.0.0_20260605-171052,2
http://rdf-plantmetwiki.bioinformatics.nl/pathways/PC1052_r17.0.0_20260605-171052,4
http://rdf-plantmetwiki.bioinformatics.nl/pathways/PC811_r17.0.0_20260605-171052,1
http://rdf-plantmetwiki.bioinformatics.nl/pathways/PC788_r17.0.0_20260605-171052,1
http://rdf-plantmetwiki.bioinformatics.nl/pathways/PC298_r17.0.0_20260605-171052,4
http://rdf-plantmetwiki.bioinformatics.nl/pathways/PC1054_r17.0.0_20260605-171052,6
http://rdf-plantmetwiki.bioinformatics.nl/pathways/PC148_r17.0.0_20260605-171052,21
http://rdf-plantmetwiki.bioinformatics.nl/pathways/PC1128_r17.0.0_20260605-171052,1
http://rdf-plantmetwiki.bioinformatics.nl/pathways/PC248_r17.0.0_20260605-171052,7
http://rdf-plantmetwiki.bioinformatics.nl/pathways/PC624_r17.0.0_20260605-171052,7
http://rdf-plantmetwiki.bioinformatics.nl/pathways/PC621_r17.0.0_20260605-171052,8
http://rdf-plantmetwiki.bioinformatics.nl/pathways/PC1003_r17.0.0_20260605-171052,1
http://rdf-plantmetwiki.bioinformatics.nl/pathways/RC643_r17.0.0_20260605-171052,1
http://rdf-plantmetwiki.bioinformatics.nl/pathways/PC102_r17.0.0_20260605-171052,1
http://rdf-plantmetwiki.bioinformatics.nl/pathways/RC319_r17.0.0_20260605-171052,1
http://rdf-plantmetwiki.bioinformatics.nl/pathways/PC323_r17.0.0_20260605-171052,19
http://rdf-plantmetwiki.bioinformatics.nl/pathways/PC123_r17.0.0_20260605-171052,3
http://rdf-plantmetwiki.bioinformatics.nl/pathways/PC549_r17.0.0_20260605-171052,11
http://rdf-plantmetwiki.bioinformatics.nl/pathways/PC837_r17.0.0_20260605-171052,7
http://rdf-plantmetwiki.bioinformatics.nl/pathways/PC1103_r17.0.0_20260605-171052,1
http://rdf-plantmetwiki.bioinformatics.nl/pathways/PC863_r17.0.0_20260605-171052,4
http://rdf-plantmetwiki.bioinformatics.nl/pathways/PC198_r17.0.0_20260605-171052,3
http://rdf-plantmetwiki.bioinformatics.nl/pathways/PC712_r17.0.0_20260605-171052,5
http://rdf-plantmetwiki.bioinformatics.nl/pathways/PC111_r17.0.0_20260605-171052,13
http://rdf-plantmetwiki.bioinformatics.nl/pathways/PC524_r17.0.0_20260605-171052,23
http://rdf-plantmetwiki.bioinformatics.nl/pathways/PC521_r17.0.0_20260605-171052,8
http://rdf-plantmetwiki.bioinformatics.nl/pathways/PC547_r17.0.0_20260605-171052,5
http://rdf-plantmetwiki.bioinformatics.nl/pathways/PC398_r17.0.0_20260605-171052,2
http://rdf-plantmetwiki.bioinformatics.nl/pathways/PC421_r17.0.0_20260605-171052,1
http://rdf-plantmetwiki.bioinformatics.nl/pathways/RC1087_r17.0.0_20260605-171052,2
http://rdf-plantmetwiki.bioinformatics.nl/pathways/PC498_r17.0.0_20260605-171052,1
http://rdf-plantmetwiki.bioinformatics.nl/pathways/PC585_r17.0.0_20260605-171052,2
http://rdf-plantmetwiki.bioinformatics.nl/pathways/PC146_r17.0.0_20260605-171052,8
http://rdf-plantmetwiki.bioinformatics.nl/pathways/PC664_r17.0.0_20260605-171052,1
http://rdf-plantmetwiki.bioinformatics.nl/pathways/PC373_r17.0.0_20260605-171052,1
http://rdf-plantmetwiki.bioinformatics.nl/pathways/PC661_r17.0.0_20260605-171052,6
http://rdf-plantmetwiki.bioinformatics.nl/pathways/PC1042_r17.0.0_20260605-171052,71
http://rdf-plantmetwiki.bioinformatics.nl/pathways/PC1069_r17.0.0_20260605-171052,8
http://rdf-plantmetwiki.bioinformatics.nl/pathways/PC989_r17.0.0_20260605-171052,1
http://rdf-plantmetwiki.bioinformatics.nl/pathways/RC983_r17.0.0_20260605-171052,3
http://rdf-plantmetwiki.bioinformatics.nl/pathways/PC347_r17.0.0_20260605-171052,9
http://rdf-plantmetwiki.bioinformatics.nl/pathways/PC63_r17.0.0_20260605-171052,3
http://rdf-plantmetwiki.bioinformatics.nl/pathways/PC349_r17.0.0_20260605-171052,10
http://rdf-plantmetwiki.bioinformatics.nl/pathways/PC862_r17.0.0_20260605-171052,3
http://rdf-plantmetwiki.bioinformatics.nl/pathways/PC36_r17.0.0_20260605-171052,6
http://rdf-plantmetwiki.bioinformatics.nl/pathways/PC422_r17.0.0_20260605-171052,2
http://rdf-plantmetwiki.bioinformatics.nl/pathways/PC50_r17.0.0_20260605-171052,43
http://rdf-plantmetwiki.bioinformatics.nl/pathways/PC21_r17.0.0_20260605-171052,24
http://rdf-plantmetwiki.bioinformatics.nl/pathways/PC58_r17.0.0_20260605-171052,5
http://rdf-plantmetwiki.bioinformatics.nl/pathways/PC560_r17.0.0_20260605-171052,28
http://rdf-plantmetwiki.bioinformatics.nl/pathways/PC962_r17.0.0_20260605-171052,5
http://rdf-plantmetwiki.bioinformatics.nl/pathways/PC964_r17.0.0_20260605-171052,5
http://rdf-plantmetwiki.bioinformatics.nl/pathways/RC315_r17.0.0_20260605-171052,2
http://rdf-plantmetwiki.bioinformatics.nl/pathways/PC539_r17.0.0_20260605-171052,12
http://rdf-plantmetwiki.bioinformatics.nl/pathways/PC536_r17.0.0_20260605-171052,2
http://rdf-plantmetwiki.bioinformatics.nl/pathways/PC913_r17.0.0_20260605-171052,5
http://rdf-plantmetwiki.bioinformatics.nl/pathways/RC533_r17.0.0_20260605-171052,4
http://rdf-plantmetwiki.bioinformatics.nl/pathways/PC938_r17.0.0_20260605-171052,2
http://rdf-plantmetwiki.bioinformatics.nl/pathways/PC614_r17.0.0_20260605-171052,2
http://rdf-plantmetwiki.bioinformatics.nl/pathways/PC345_r17.0.0_20260605-171052,10
http://rdf-plantmetwiki.bioinformatics.nl/pathways/PC864_r17.0.0_20260605-171052,2
http://rdf-plantmetwiki.bioinformatics.nl/pathways/PC810_r17.0.0_20260605-171052,4
http://rdf-plantmetwiki.bioinformatics.nl/pathways/PC486_r17.0.0_20260605-171052,5
http://rdf-plantmetwiki.bioinformatics.nl/pathways/PC887_r17.0.0_20260605-171052,2
http://rdf-plantmetwiki.bioinformatics.nl/pathways/PC915_r17.0.0_20260605-171052,5
http://rdf-plantmetwiki.bioinformatics.nl/pathways/PC910_r17.0.0_20260605-171052,4
http://rdf-plantmetwiki.bioinformatics.nl/pathways/PC247_r17.0.0_20260605-171052,1
http://rdf-plantmetwiki.bioinformatics.nl/pathways/PC361_r17.0.0_20260605-171052,6
http://rdf-plantmetwiki.bioinformatics.nl/pathways/PC787_r17.0.0_20260605-171052,8
http://rdf-plantmetwiki.bioinformatics.nl/pathways/PC461_r17.0.0_20260605-171052,10
http://rdf-plantmetwiki.bioinformatics.nl/pathways/PC171_r17.0.0_20260605-171052,1
http://rdf-plantmetwiki.bioinformatics.nl/pathways/PC710_r17.0.0_20260605-171052,16
http://rdf-plantmetwiki.bioinformatics.nl/pathways/PC337_r17.0.0_20260605-171052,13
http://rdf-plantmetwiki.bioinformatics.nl/pathways/PC1094_r17.0.0_20260605-171052,15
http://rdf-plantmetwiki.bioinformatics.nl/pathways/PC815_r17.0.0_20260605-171052,3
http://rdf-plantmetwiki.bioinformatics.nl/pathways/PC877_r17.0.0_20260605-171052,4
http://rdf-plantmetwiki.bioinformatics.nl/pathways/PC147_r17.0.0_20260605-171052,2
http://rdf-plantmetwiki.bioinformatics.nl/pathways/PC836_r17.0.0_20260605-171052,11
http://rdf-plantmetwiki.bioinformatics.nl/pathways/PC665_r17.0.0_20260605-171052,8
http://rdf-plantmetwiki.bioinformatics.nl/pathways/PC172_r17.0.0_20260605-171052,11
http://rdf-plantmetwiki.bioinformatics.nl/pathways/PC106_r17.0.0_20260605-171052,9
http://rdf-plantmetwiki.bioinformatics.nl/pathways/PC765_r17.0.0_20260605-171052,2
http://rdf-plantmetwiki.bioinformatics.nl/pathways/PC762_r17.0.0_20260605-171052,28
http://rdf-plantmetwiki.bioinformatics.nl/pathways/PC412_r17.0.0_20260605-171052,2
http://rdf-plantmetwiki.bioinformatics.nl/pathways/PC902_r17.0.0_20260605-171052,5
http://rdf-plantmetwiki.bioinformatics.nl/pathways/PC122_r17.0.0_20260605-171052,10
http://rdf-plantmetwiki.bioinformatics.nl/pathways/PC40_r17.0.0_20260605-171052,5
http://rdf-plantmetwiki.bioinformatics.nl/pathways/PC638_r17.0.0_20260605-171052,5
http://rdf-plantmetwiki.bioinformatics.nl/pathways/PC1019_r17.0.0_20260605-171052,6
http://rdf-plantmetwiki.bioinformatics.nl/pathways/PC289_r17.0.0_20260605-171052,20
http://rdf-plantmetwiki.bioinformatics.nl/pathways/PC1043_r17.0.0_20260605-171052,1
http://rdf-plantmetwiki.bioinformatics.nl/pathways/PC1045_r17.0.0_20260605-171052,2
http://rdf-plantmetwiki.bioinformatics.nl/pathways/PC537_r17.0.0_20260605-171052,1
http://rdf-plantmetwiki.bioinformatics.nl/pathways/PC1120_r17.0.0_20260605-171052,2
http://rdf-plantmetwiki.bioinformatics.nl/pathways/PC212_r17.0.0_20260605-171052,52
http://rdf-plantmetwiki.bioinformatics.nl/pathways/PC1145_r17.0.0_20260605-171052,6
http://rdf-plantmetwiki.bioinformatics.nl/pathways/PC239_r17.0.0_20260605-171052,6
http://rdf-plantmetwiki.bioinformatics.nl/pathways/PC900_r17.0.0_20260605-171052,12
http://rdf-plantmetwiki.bioinformatics.nl/pathways/PC828_r17.0.0_20260605-171052,2
http://rdf-plantmetwiki.bioinformatics.nl/pathways/PC189_r17.0.0_20260605-171052,2
http://rdf-plantmetwiki.bioinformatics.nl/pathways/PC562_r17.0.0_20260605-171052,3
http://rdf-plantmetwiki.bioinformatics.nl/pathways/PC210_r17.0.0_20260605-171052,6
http://rdf-plantmetwiki.bioinformatics.nl/pathways/PC264_r17.0.0_20260605-171052,1
http://rdf-plantmetwiki.bioinformatics.nl/pathways/RC721_r17.0.0_20260605-171052,2
http://rdf-plantmetwiki.bioinformatics.nl/pathways/PC1108_r17.0.0_20260605-171052,4
http://rdf-plantmetwiki.bioinformatics.nl/pathways/PC663_r17.0.0_20260605-171052,9
http://rdf-plantmetwiki.bioinformatics.nl/pathways/PC803_r17.0.0_20260605-171052,1
http://rdf-plantmetwiki.bioinformatics.nl/pathways/PC82_r17.0.0_20260605-171052,2
http://rdf-plantmetwiki.bioinformatics.nl/pathways/PC164_r17.0.0_20260605-171052,9
http://rdf-plantmetwiki.bioinformatics.nl/pathways/PC538_r17.0.0_20260605-171052,29
http://rdf-plantmetwiki.bioinformatics.nl/pathways/PC535_r17.0.0_20260605-171052,5
http://rdf-plantmetwiki.bioinformatics.nl/pathways/PC187_r17.0.0_20260605-171052,50
http://rdf-plantmetwiki.bioinformatics.nl/pathways/PC700_r17.0.0_20260605-171052,1
http://rdf-plantmetwiki.bioinformatics.nl/pathways/PC1058_r17.0.0_20260605-171052,10
http://rdf-plantmetwiki.bioinformatics.nl/pathways/PC237_r17.0.0_20260605-171052,5
http://rdf-plantmetwiki.bioinformatics.nl/pathways/PC77_r17.0.0_20260605-171052,1
http://rdf-plantmetwiki.bioinformatics.nl/pathways/PC1017_r17.0.0_20260605-171052,5
http://rdf-plantmetwiki.bioinformatics.nl/pathways/PC777_r17.0.0_20260605-171052,15
http://rdf-plantmetwiki.bioinformatics.nl/pathways/PC435_r17.0.0_20260605-171052,1
http://rdf-plantmetwiki.bioinformatics.nl/pathways/PC115_r17.0.0_20260605-171052,3
http://rdf-plantmetwiki.bioinformatics.nl/pathways/PC655_r17.0.0_20260605-171052,3
http://rdf-plantmetwiki.bioinformatics.nl/pathways/PC652_r17.0.0_20260605-171052,35
http://rdf-plantmetwiki.bioinformatics.nl/pathways/PC385_r17.0.0_20260605-171052,6
http://rdf-plantmetwiki.bioinformatics.nl/pathways/PC726_r17.0.0_20260605-171052,3
http://rdf-plantmetwiki.bioinformatics.nl/pathways/RC749_r17.0.0_20260605-171052,2
http://rdf-plantmetwiki.bioinformatics.nl/pathways/PC48_r17.0.0_20260605-171052,5
http://rdf-plantmetwiki.bioinformatics.nl/pathways/PC600_r17.0.0_20260605-171052,11
http://rdf-plantmetwiki.bioinformatics.nl/pathways/PC625_r17.0.0_20260605-171052,7
http://rdf-plantmetwiki.bioinformatics.nl/pathways/PC360_r17.0.0_20260605-171052,120
http://rdf-plantmetwiki.bioinformatics.nl/pathways/PC410_r17.0.0_20260605-171052,1
http://rdf-plantmetwiki.bioinformatics.nl/pathways/PC1109_r17.0.0_20260605-171052,7
http://rdf-plantmetwiki.bioinformatics.nl/pathways/PC551_r17.0.0_20260605-171052,1
http://rdf-plantmetwiki.bioinformatics.nl/pathways/PC953_r17.0.0_20260605-171052,25
http://rdf-plantmetwiki.bioinformatics.nl/pathways/PC955_r17.0.0_20260605-171052,3
http://rdf-plantmetwiki.bioinformatics.nl/pathways/PC287_r17.0.0_20260605-171052,1
http://rdf-plantmetwiki.bioinformatics.nl/pathways/PC976_r17.0.0_20260605-171052,1
http://rdf-plantmetwiki.bioinformatics.nl/pathways/PC1035_r17.0.0_20260605-171052,1
http://rdf-plantmetwiki.bioinformatics.nl/pathways/PC678_r17.0.0_20260605-171052,12
http://rdf-plantmetwiki.bioinformatics.nl/pathways/PC1060_r17.0.0_20260605-171052,5
http://rdf-plantmetwiki.bioinformatics.nl/pathways/RC696_r17.0.0_20260605-171052,4
http://rdf-plantmetwiki.bioinformatics.nl/pathways/RC920_r17.0.0_20260605-171052,2
http://rdf-plantmetwiki.bioinformatics.nl/pathways/PC552_r17.0.0_20260605-171052,3
http://rdf-plantmetwiki.bioinformatics.nl/pathways/PC951_r17.0.0_20260605-171052,1
http://rdf-plantmetwiki.bioinformatics.nl/pathways/PC1010_r17.0.0_20260605-171052,11
http://rdf-plantmetwiki.bioinformatics.nl/pathways/PC804_r17.0.0_20260605-171052,1
http://rdf-plantmetwiki.bioinformatics.nl/pathways/PC477_r17.0.0_20260605-171052,8
http://rdf-plantmetwiki.bioinformatics.nl/pathways/PC880_r17.0.0_20260605-171052,8
http://rdf-plantmetwiki.bioinformatics.nl/pathways/PC238_r17.0.0_20260605-171052,2
http://rdf-plantmetwiki.bioinformatics.nl/pathways/PC525_r17.0.0_20260605-171052,3
http://rdf-plantmetwiki.bioinformatics.nl/pathways/PC379_r17.0.0_20260605-171052,38
http://rdf-plantmetwiki.bioinformatics.nl/pathways/PC311_r17.0.0_20260605-171052,4
http://rdf-plantmetwiki.bioinformatics.nl/pathways/PC1159_r17.0.0_20260605-171052,7
http://rdf-plantmetwiki.bioinformatics.nl/pathways/PC44_r17.0.0_20260605-171052,13
http://rdf-plantmetwiki.bioinformatics.nl/pathways/RC335_r17.0.0_20260605-171052,3
http://rdf-plantmetwiki.bioinformatics.nl/pathways/PC479_r17.0.0_20260605-171052,6
http://rdf-plantmetwiki.bioinformatics.nl/pathways/PC454_r17.0.0_20260605-171052,5
http://rdf-plantmetwiki.bioinformatics.nl/pathways/PC994_r17.0.0_20260605-171052,4
http://rdf-plantmetwiki.bioinformatics.nl/pathways/PC185_r17.0.0_20260605-171052,3
http://rdf-plantmetwiki.bioinformatics.nl/pathways/PC554_r17.0.0_20260605-171052,29
http://rdf-plantmetwiki.bioinformatics.nl/pathways/PC354_r17.0.0_20260605-171052,2
http://rdf-plantmetwiki.bioinformatics.nl/pathways/PC1131_r17.0.0_20260605-171052,6
http://rdf-plantmetwiki.bioinformatics.nl/pathways/PC829_r17.0.0_20260605-171052,1
http://rdf-plantmetwiki.bioinformatics.nl/pathways/PC968_r17.0.0_20260605-171052,2
http://rdf-plantmetwiki.bioinformatics.nl/pathways/PC163_r17.0.0_20260605-171052,87
http://rdf-plantmetwiki.bioinformatics.nl/pathways/PC96_r17.0.0_20260605-171052,1
http://rdf-plantmetwiki.bioinformatics.nl/pathways/PC503_r17.0.0_20260605-171052,2
http://rdf-plantmetwiki.bioinformatics.nl/pathways/PC160_r17.0.0_20260605-171052,3
http://rdf-plantmetwiki.bioinformatics.nl/pathways/RC961_r17.0.0_20260605-171052,5
http://rdf-plantmetwiki.bioinformatics.nl/pathways/PC753_r17.0.0_20260605-171052,5
http://rdf-plantmetwiki.bioinformatics.nl/pathways/PC1134_r17.0.0_20260605-171052,4
http://rdf-plantmetwiki.bioinformatics.nl/pathways/PC403_r17.0.0_20260605-171052,1
http://rdf-plantmetwiki.bioinformatics.nl/pathways/PC1160_r17.0.0_20260605-171052,7
http://rdf-plantmetwiki.bioinformatics.nl/pathways/PC400_r17.0.0_20260605-171052,1
http://rdf-plantmetwiki.bioinformatics.nl/pathways/PC779_r17.0.0_20260605-171052,5
http://rdf-plantmetwiki.bioinformatics.nl/pathways/PC653_r17.0.0_20260605-171052,6
http://rdf-plantmetwiki.bioinformatics.nl/pathways/PC945_r17.0.0_20260605-171052,11
http://rdf-plantmetwiki.bioinformatics.nl/pathways/PC940_r17.0.0_20260605-171052,6
http://rdf-plantmetwiki.bioinformatics.nl/pathways/PC916_r17.0.0_20260605-171052,12
http://rdf-plantmetwiki.bioinformatics.nl/pathways/PC136_r17.0.0_20260605-171052,4
http://rdf-plantmetwiki.bioinformatics.nl/pathways/PC275_r17.0.0_20260605-171052,1
http://rdf-plantmetwiki.bioinformatics.nl/pathways/PC250_r17.0.0_20260605-171052,2
http://rdf-plantmetwiki.bioinformatics.nl/pathways/PC729_r17.0.0_20260605-171052,1
http://rdf-plantmetwiki.bioinformatics.nl/pathways/PC1057_r17.0.0_20260605-171052,2
http://rdf-plantmetwiki.bioinformatics.nl/pathways/PC86_r17.0.0_20260605-171052,8
http://rdf-plantmetwiki.bioinformatics.nl/pathways/PC816_r17.0.0_20260605-171052,11
http://rdf-plantmetwiki.bioinformatics.nl/pathways/PC1107_r17.0.0_20260605-171052,7
http://rdf-plantmetwiki.bioinformatics.nl/pathways/PC352_r17.0.0_20260605-171052,3
http://rdf-plantmetwiki.bioinformatics.nl/pathways/PC601_r17.0.0_20260605-171052,8
http://rdf-plantmetwiki.bioinformatics.nl/pathways/RC59_r17.0.0_20260605-171052,1
http://rdf-plantmetwiki.bioinformatics.nl/pathways/PC819_r17.0.0_20260605-171052,4
http://rdf-plantmetwiki.bioinformatics.nl/pathways/PC1086_r17.0.0_20260605-171052,6
http://rdf-plantmetwiki.bioinformatics.nl/pathways/PC845_r17.0.0_20260605-171052,3
http://rdf-plantmetwiki.bioinformatics.nl/pathways/PC177_r17.0.0_20260605-171052,1
http://rdf-plantmetwiki.bioinformatics.nl/pathways/PC553_r17.0.0_20260605-171052,1
http://rdf-plantmetwiki.bioinformatics.nl/pathways/PC870_r17.0.0_20260605-171052,26
http://rdf-plantmetwiki.bioinformatics.nl/pathways/PC578_r17.0.0_20260605-171052,34
http://rdf-plantmetwiki.bioinformatics.nl/pathways/PC57_r17.0.0_20260605-171052,4
http://rdf-plantmetwiki.bioinformatics.nl/pathways/PC201_r17.0.0_20260605-171052,4
http://rdf-plantmetwiki.bioinformatics.nl/pathways/PC654_r17.0.0_20260605-171052,16
http://rdf-plantmetwiki.bioinformatics.nl/pathways/RC220_r17.0.0_20260605-171052,5
http://rdf-plantmetwiki.bioinformatics.nl/pathways/PC795_r17.0.0_20260605-171052,1
http://rdf-plantmetwiki.bioinformatics.nl/pathways/PC1032_r17.0.0_20260605-171052,1
http://rdf-plantmetwiki.bioinformatics.nl/pathways/PC792_r17.0.0_20260605-171052,2
http://rdf-plantmetwiki.bioinformatics.nl/pathways/PC301_r17.0.0_20260605-171052,1
http://rdf-plantmetwiki.bioinformatics.nl/pathways/PC152_r17.0.0_20260605-171052,12
http://rdf-plantmetwiki.bioinformatics.nl/pathways/PC817_r17.0.0_20260605-171052,2
http://rdf-plantmetwiki.bioinformatics.nl/pathways/PC526_r17.0.0_20260605-171052,9
http://rdf-plantmetwiki.bioinformatics.nl/pathways/PC843_r17.0.0_20260605-171052,7
http://rdf-plantmetwiki.bioinformatics.nl/pathways/PC178_r17.0.0_20260605-171052,2
http://rdf-plantmetwiki.bioinformatics.nl/pathways/PC175_r17.0.0_20260605-171052,4
http://rdf-plantmetwiki.bioinformatics.nl/pathways/PC3_r17.0.0_20260605-171052,8
http://rdf-plantmetwiki.bioinformatics.nl/pathways/PC1008_r17.0.0_20260605-171052,2
http://rdf-plantmetwiki.bioinformatics.nl/pathways/PC768_r17.0.0_20260605-171052,5
http://rdf-plantmetwiki.bioinformatics.nl/pathways/PC426_r17.0.0_20260605-171052,13
http://rdf-plantmetwiki.bioinformatics.nl/pathways/PC100_r17.0.0_20260605-171052,3
http://rdf-plantmetwiki.bioinformatics.nl/pathways/PC1034_r17.0.0_20260605-171052,2
http://rdf-plantmetwiki.bioinformatics.nl/pathways/PC1150_r17.0.0_20260605-171052,1
http://rdf-plantmetwiki.bioinformatics.nl/pathways/PC793_r17.0.0_20260605-171052,6
http://rdf-plantmetwiki.bioinformatics.nl/pathways/PC643_r17.0.0_20260605-171052,8
http://rdf-plantmetwiki.bioinformatics.nl/pathways/PC150_r17.0.0_20260605-171052,9
http://rdf-plantmetwiki.bioinformatics.nl/pathways/PC203_r17.0.0_20260605-171052,5
http://rdf-plantmetwiki.bioinformatics.nl/pathways/PC1021_r17.0.0_20260605-171052,6
http://rdf-plantmetwiki.bioinformatics.nl/pathways/PC576_r17.0.0_20260605-171052,7
http://rdf-plantmetwiki.bioinformatics.nl/pathways/PC376_r17.0.0_20260605-171052,1
http://rdf-plantmetwiki.bioinformatics.nl/pathways/PC743_r17.0.0_20260605-171052,6
http://rdf-plantmetwiki.bioinformatics.nl/pathways/PC451_r17.0.0_20260605-171052,4
http://rdf-plantmetwiki.bioinformatics.nl/pathways/PC476_r17.0.0_20260605-171052,3
http://rdf-plantmetwiki.bioinformatics.nl/pathways/PC991_r17.0.0_20260605-171052,2
http://rdf-plantmetwiki.bioinformatics.nl/pathways/PC10_r17.0.0_20260605-171052,1
http://rdf-plantmetwiki.bioinformatics.nl/pathways/PC453_r17.0.0_20260605-171052,7
http://rdf-plantmetwiki.bioinformatics.nl/pathways/PC568_r17.0.0_20260605-171052,4
http://rdf-plantmetwiki.bioinformatics.nl/pathways/PC129_r17.0.0_20260605-171052,3
http://rdf-plantmetwiki.bioinformatics.nl/pathways/PC594_r17.0.0_20260605-171052,3
http://rdf-plantmetwiki.bioinformatics.nl/pathways/PC565_r17.0.0_20260605-171052,1
http://rdf-plantmetwiki.bioinformatics.nl/pathways/PC967_r17.0.0_20260605-171052,1
http://rdf-plantmetwiki.bioinformatics.nl/pathways/PC324_r17.0.0_20260605-171052,1
http://rdf-plantmetwiki.bioinformatics.nl/pathways/PC465_r17.0.0_20260605-171052,88
http://rdf-plantmetwiki.bioinformatics.nl/pathways/PC1073_r17.0.0_20260605-171052,1
http://rdf-plantmetwiki.bioinformatics.nl/pathways/PC891_r17.0.0_20260605-171052,19
http://rdf-plantmetwiki.bioinformatics.nl/pathways/PC402_r17.0.0_20260605-171052,3
http://rdf-plantmetwiki.bioinformatics.nl/pathways/PC253_r17.0.0_20260605-171052,2
http://rdf-plantmetwiki.bioinformatics.nl/pathways/PC629_r17.0.0_20260605-171052,1
http://rdf-plantmetwiki.bioinformatics.nl/pathways/PC942_r17.0.0_20260605-171052,5
http://rdf-plantmetwiki.bioinformatics.nl/pathways/PC993_r17.0.0_20260605-171052,6
http://rdf-plantmetwiki.bioinformatics.nl/pathways/PC641_r17.0.0_20260605-171052,15
http://rdf-plantmetwiki.bioinformatics.nl/pathways/PC1022_r17.0.0_20260605-171052,1
http://rdf-plantmetwiki.bioinformatics.nl/pathways/PC1024_r17.0.0_20260605-171052,3
http://rdf-plantmetwiki.bioinformatics.nl/pathways/PC224_r17.0.0_20260605-171052,2
http://rdf-plantmetwiki.bioinformatics.nl/pathways/PC56_r17.0.0_20260605-171052,4
http://rdf-plantmetwiki.bioinformatics.nl/pathways/PC516_r17.0.0_20260605-171052,9
http://rdf-plantmetwiki.bioinformatics.nl/pathways/PC590_r17.0.0_20260605-171052,13
http://rdf-plantmetwiki.bioinformatics.nl/pathways/PC390_r17.0.0_20260605-171052,6
http://rdf-plantmetwiki.bioinformatics.nl/pathways/RC611_r17.0.0_20260605-171052,3
http://rdf-plantmetwiki.bioinformatics.nl/pathways/PC443_r17.0.0_20260605-171052,5
